새누리당을 심판했다,http://news.joins.com/article/19886885,"
4·13 총선에서 새누리당이 수도권에서 크게 패해 과반 의석을 확보하지 못하면서 여소야대 국회가 됐다. 사진은 새누리당 김무성. [사진 조문규·송봉근·강정현 기자]새누리당 참패, 더불어민주당의 수도권 압승, 국민의당의 호남권 압승.4·13 총선 개표 결과 여론조사기관들이 한 번도 예측하지 못한 상황이 벌어졌다. 그 결과 2000년 16대 국회 이후 16년 만에 여소야대가 됐다. 제3당인 국민의당이 교섭단체를 훌쩍 넘는 의석을 차지해 1996년 15대 총선 이후 20년 만에 3당 체제가 국회에 등장했다.이에 따라 임기 1년10개월여를 남긴 박근혜 대통령은 집권 후반기 국정 운영에 큰 도전을 맞게 됐다.14일 오전 1시50분 현재 개표 결과 전국 253개 지역구 중 새누리당이 105곳, 더불어민주당이 109곳, 국민의당이 26곳, 정의당이 2곳, 무소속이 11곳에서 각각 1위를 차지했다. 비례대표 정당 득표율은 새누리당 35.9%, 더민주 24.6%, 국민의당 25.5%로, 이를 의석으로 환산하면 새누리 18석, 더민주 13석, 국민의당 13석이다. 정의당은 6.7%로 3석이다. 이런 추세대로 개표가 끝날 경우 새누리당은 123석, 더민주는 122석, 국민의당은 39석을 차지하게 된다. 정의당은 5석이다. 새누리당이 이처럼 부진한 건 122석이 걸린 수도권에서 탄핵 역풍을 맞았던 2004년 17대 총선 수준(서울 16, 경기 14곳)으로 부진했기 때문이다. 14일 오전 1시50분 현재 서울 12곳, 경기 19곳에서만 1위를 기록했다. 경기 분당갑·을 등 전통적 강세 지역에서도 더민주 후보에게 뒤졌고, 수원은 5개 지역 모두 더민주 후보가 당선됐다.주요 후보 중에선 서울 종로에서 새누리당 오세훈 후보가 더민주 정세균 후보에게 패했으며, 새누리당 안대희 후보는 마포갑에서 더민주 노웅래 후보에게 졌다. 무소속 돌풍도 거셌다. 대구에서 새누리당을 탈당한 유승민·주호영 의원과 더민주를 탈당한 홍의락 후보가 당선했다.새누리당 원유철 원내대표 겸 공동선대위원장은 “비상사태라고는 생각했지만 이렇게까지 될 줄은 몰랐다”며 “새누리당이 공천 과정에서 보여준 갈등에 지지층이 크게 실망하신 걸로 보인다”고 말했다. ▶관련 기사  ① 원유철 “이렇게까지 될 줄 몰랐다”  당내선 ＂뼈저린 반성” 책임론 분출② 사전투표의 힘…19대 투표율보다 3.8%P 오른 58% 4·13 총선에서 더불어민주당은 수도권에서 압승했다. 사진은 더민주 김종인. [사진 조문규·송봉근·강정현 기자]당초 100석도 얻기 힘들 것으로 예상됐던 더민주는 서울과 경기 등 수도권에서 압승한 데다 불모지였던 대구(김부겸)와 부산에서 선전했다. 국민의당은 28석이 걸린 광주와 전남·북에서 14일 오전 1시50분 현재 23곳에서 1위를 지켰다. 4·13 총선에서 국민의당은 호남에서 제1당이 됐다. 사진은 국민의당 안철수 대표. [사진 조문규·송봉근·강정현 기자]윤종빈 명지대 정치외교학과 교수는 “20년 만에 3당 체제가 부활한 건 양당 독점체제를 타파해야 한다는 국민의당의 주장이 먹힌 것”이라며 “기득권을 내려놓겠다고 말만 했던 기존 정당들이 이번 총선으로 심판을 받았다”고 말했다. 윤 교수는 “결국 여소야대가 돼 여당의 일방 독주가 불가능하게 됐다”며 “청와대 통치 스타일도 변하고 당·청 관계나 청와대-국회 관계도 새롭게 정립되는 계기가 될 것”이라고 설명했다. 주요 당선자정세균 김부겸 유승민 이정현 이해찬 진   영 김진표 추미애최경환 홍의락 서청원 김영춘 송영길 박지원 손혜원 박영선심상정 표창원 나경원 전현희 천정배 지상욱 노회찬 김종민 주요 낙선자오세훈 김문수 안대희 김영선 박민식 류성걸 우윤근 정두언이용섭 백원우 김상민 황진하 이재오 김영록 박수현 김희정양향자 김영환 이준석 이만기 은수미 이성헌 황우여 이인제글=이가영·박유미 기자 ideal@joongang.co.kr사진=조문규·송봉근·강정현 기자



	"
"출구조사 결과 본 더민주, 환호와 박수",http://news.joins.com/article/19884788,"
지상파 3사 출구조사 결과가 발표되자 여의도 국회의원회관 상황실에 모인 더민주 당원들은 일제히 환호했다. [뉴시스]지상파 3사의 출구조사 결과 발표 직후, 더불어민주당 지도부는 안도감을 드러냈다. 새누리당이 과반에 실패할 것이라는 전망이 나오자 환호성이 터지기도 했다.김종인 비상대책위원회 대표 등 더민주 당 지도부는 투표가 대략 마무리된 오후5시50분부터 서울 여의도 국회 의원회관에 마련된 상황실에서 지상파 3사 출구조사 결과를 지켜봤다. 오후 6시 카운트다운이 시작되자 김 대표 등 당 지도부는 긴장감 속에 모니터를 주시했다.'새누리당 과반의석 확보 실패'라는 헤드라인이 뜨자 박수와 환호성이 터졌다. 특히 격전지인 서울 종로에서 더민주 정세균 후보가 새누리당 오세훈 후보를 이기는 것으로 나타나자 상황실에 모인 더민주 당원들은 박수를 치며 환호 했다. 마포갑에서도 더민주가 우세한 것으로 나오자 분위기는 한층 고조됐다. 대구 수성갑 김부겸 후보와 김해을 김경수 후보의 압도적 우세가 점쳐질 때는 분위기가 절정에 이르렀다.김종인 더민주 대표는 출구조사 결과를 지켜본 뒤 기자들과 만나 ""민심이 세상 돌아가는 것을 정확하게 파악하고 있다는 것이 결과로 나타난 것 아니겠느냐""며 ""정치권이 아전인수격으로 해석을 하면 안 된다는 것을 증명해주는 것""이라고 평가했다.광주나 호남에서 국민의당이 우세하게 나온데 대해서는 ""어쩔 수 없는 상황이기 때문에 결과를 그대로 수용을 하겠다""며 ""어떻게 호남을, 호남 민심을 바로 잡을 것이냐에 대해 당이 노력할 것이라고 본다""고 말했다.한영익 기자 hanyi@joongang.co.kr 



	"
출구조사 결과에 새누리 충격·탄식,http://news.joins.com/article/19884689,"
방송3사 출구조사 결과 발표 직후 새누리당 지도부는 충격에 휩싸였다. [뉴시스]13일 오후 6시, 지상파 3사 출구조사 결과가 발표됨과 동시에 새누리당은 충격과 탄식에 휩싸였다.원유철·강봉균 공동선대위원장 등은 여의도 당사 2층 상황실에서 ""새누리당이 과반 의석 확보실패할 것 같다""는 결과를 본 직후 곤혹스런 표정을 감추지 못했다. 김무성 대표의 최측근 김학용 의원은 ""심각하네""라며 탄식을 터뜨리기도 했다.이후 방송이 진행될수록 당사 상황실은 술렁였다. 특히 서울 종로와 마포갑에서 더불어민주당 후보에 뒤쳐지는 것으로 결과가 나오자 지도부 대다수의 표정이 굳어졌다.순천에서 이정현 후보가 더민주 노관규 후보를 이기는 것으로 나타나자 박수가 나오기도 했지만, 경기도 지역 출구조사 결과가 나오면서 상황실 분위기는 더 악화됐다. 특히 압승이 예상되던 김명연 후보(안산 단원갑)가 경합으로 나타나자 원유철 위원장은 고개를 절레절레 흔들었다.안형환 중앙선거대책위원회 대변인은 ""어떤 결과가 나오든 국민의 선택을 존중한다""며 ""최종 결론이 나올 때까지 기도하는 마음으로 기다리겠다""고 말했다.한영익 기자 hanyi@joongang.co.kr



	"
"안철수, 30석 땐 '3당 체제'",http://news.joins.com/article/19880644,"
국민의당은 4·13 총선에서 ‘최소 20석, 최대 40석’이 목표다. 여론조사 기관들 평균 전망치는 30석(‘지역구 20석+비례 10석’) 안팎이다. 20석 이상만 얻으면 원내교섭단체 구성이 가능해 ‘3당체제 정립’이란 목표를 달성할 수 있다. 이 경우 당은 원내에서 ‘캐스팅보트’를 쥘 수 있고 3당 구도를 만든 안철수 대표의 대선주자로서의 입지도 강화될 가능성이 크다. 반면 20석에 미달할 경우 안 대표는 “국민 눈높이에 맞는 책임을 지겠다”는 말을 이행해야 한다.국민의당의 성패는 의석수 자체보다는 의석의 내용에 달려 있다는 지적도 나온다. 호남 이외 지역구에서 안 대표(서울 노원병)만 당선될 경우 ‘호남 자민련’으로 위상이 축소될 수밖에 없다. 안 대표가 지난 8일부터 “전국 정당으로 거듭나는 계기를 만들겠다”며 수도권 집중 유세에 나서는 것도 이 때문이다. 이태규 전략홍보본부장은 “수도권 지역구에서 4~5명의 당선자를 내는 게 국민의당의 전략적 목표”라고 말했다. ▶관련 기사 ① 김무성, 150석 밑돌면 ‘중대 위기’…160석 넘으면 탄력② 문재인, 100석이 정치 생명선…새누리 과반 저지가 관건③ 4년간 나라 예산 정하는 의원 뽑는 날…포기하면 혼낼 권리도 날아갑니다20대 총선 결과가 새누리당 과반과 더민주 100석 미만의 야권 패배로 나올 경우 국민의당이 30석을 얻더라도 미묘한 상황에 놓일 수 있다.권순정 리얼미터 조사분석실장은 “전통적인 야권 지지층으로부터 안 대표에게 ‘야권분열 책임을 져야 한다’는 압박을 쏟아낼 가능성이 있다”고 말했다.정효식 기자 jjpol@joongang.co.kr



	"
"새누리 ""145석"" 주장, 여론조사기관들은 ""160석""",http://news.joins.com/article/19869084,"
김종인 더민주 비대위 대표(왼쪽)가 10일 오전 전혜숙(광진갑) 후보와 서울 어린이대공원에서 유권자들을 만나고 있다. 김 대표는 이날 서울 북한산 입구를 시작으로 서울·수도권에서 집중 유세를 벌였다. [사진 조문규 기자]4·13 총선 D-3일인 10일 새누리당과 더불어민주당이 각각 당초 목표에 미달하는 ‘145석’과 ‘100석 미만’을 판세 분석 결과로 내놨다. 새누리는 과반인 151석 이상, 더민주는 107석이 목표치다. 국민의당만 이날 총선 목표(최소 20~최대 40석)를 달성하는 35석 확보가 가능하다는 분석을 제시했다.새누리당 이운룡 종합상황실장은 이날 기자와의 통화에서 “145석은 확실한 우세 지역뿐 아니라 경합우세 지역과 비례대표 의석 전망치를 포함한 것”이라고 말했다. 새누리당 상황실은 영남 50석, 충청·강원권 25석 안팎, 최대 격전지인 수도권(122석)에서 40~50석을 당선권으로 잡았다. 여기에 비례대표(18~20석)를 합쳐 나온 게 145석이라고 한다.더민주 정장선 선거대책위 총괄본부장은 “전국에서 경합우세를 합쳐도 60석, 나머지 수도권 경합지 40곳 가운데 새누리당과 반씩 나눈다 하더라도 비례를 합쳐 100석이 어려운 상황”이라고 말했다. 국민의당 이태규 전략홍보본부장은 “현재 시점에서 호남 20석, 수도권 4~5석, 비례 10석 등 35석을 예측한다”고 말했다.한국갤럽·한국리서치 등 여론조사 전문기관들의 예측치는 새누리당 160석, 더민주 90석, 국민의당 30석 안팎이었다. 김춘석 한국리서치 이사는 “새누리당은 예상 의석치를 낮게 잡은 셈”이라며 “박근혜 대통령과 여당 읍소 전략의 효과, 야권 지지층의 2·3번 가운데 쏠림 여부에 따라 실제 결과는 달라질 수 있다”고 말했다. 정한울 고려대 평화민주연구소 교수는 “지지층 일부가 이탈해도 50, 60대 유권자가 19대보다 306만 명 늘어난 게 여당에 유리한 상황”이라고 말했다. ▶관련 기사① 김종인 ""이번 총선은 1번과 2번 택일하는 선거""② 안철수""국민의당 이야기만 하는 거대양당 한심하다""지난 8일 공개된 한국리서치와 갤럽 조사에서 나온 국민의당 지지율 상승세도 막판 변수로 떠올랐다. 김춘석 이사는 “양당 심판론이 43.5%로 여당 심판론(24.1%), 야당 심판론(20.1%)보다 높게 나타났다”며 “1·2번 심판론이 실제 국민의당 의석수로 연결될지도 의미 있는 변수”라고 분석했다. <중앙선거여론조사공정심의위 홈페이지 참조> 이에 국민의당은 8석이던 비례대표 목표치를 10석으로 높였고, 새누리당은 18석으로 하향했다.서울대 박원호(정치학) 교수는 “이번 총선에서 안 대표와 새누리당 김무성, 더민주 문재인 전 대표 간의 대선 전초전 양상이 벌어지면서 미래지향적 투표 성향이 나타날 수 있다”고 분석했다. 반면 김미현 알앤써치 소장은 “수도권에선 국민의당 당선권 후보가 많지 않아 지역구는 1·2번, 정당 투표는 3번을 찍는 교차투표(Cross voting) 효과에 그칠 것”이라고 말했다.글=정효식·위문희 기자 jjpol@joongang.co.kr사진=조문규 기자



	"
"더민주 ""'경제는 잘한다'던 새누리 8년은 '쪽박'의 시대""",http://news.joins.com/article/19868525,"
더불어민주당 최운열 국민경제상황실장은 10일 “민주정부 10년은 한마디로 ‘대박의 시대’였던 반면, 새누리당 8년은 ‘쪽박의 시대’였다”며 두 기간동안의 경제지표를 비교해 제시했다.최 실장은 이날 국회 당대표실에서 기자회견을 열고 “주가지수는 경제의 활력을 가장 잘 보여주는 지표”라며 “민주정부(김대중·노무현 정부) 10년간 종합주가지수는 376.3에서 1897로 5배나 뛰었다”며 “그러나 새누리당 8년(이명박·박근혜 정부)을 통틀어 종합주가지수는 63포인트 올랐다. 가히 ‘게걸음의 시대’를 넘어 ‘쪽박’의 시대”라고 주장했다.최 실장은 이어 “정부수립 이후 2007년까지 49년간 한국의 국가채무 총액은 299조원이었지만, 새누리당 정부 8년이 지난 지금 나랏빚은 590조 5000억원으로 두배가 됐다”며 “지난 8년간 49년 만큼의 빚을 압축적으로 지게됐다”고 말했다.국가재정에 대해선 “새누리당이 한나라당 시절 IMF로 나라를 거덜내고 ‘먹튀’한 이후 김대중 정부는 빚도 갚고 IT붐을 일으키면서도 50조원 정도의 적자로 막았고, 노무현 정부는 2007년 나라 살림 흑자를 기록했다”며 “이명박 정부는 살림을 과감히 다시 적자로 돌려 5년간 마이너스 100조원을 쌓았다”고 말했다. 그러면서 “박근혜 정부는 3년만에 이명박 정부 5년의 성적에 거의 다다르고 있다. 이번에도 새누리당을 찍으면 잃어버린 20년이 도래할 것”이라고 주장했다.최 실장은 또 “건설경기 부양한다고 ‘집사라’ 권해서 빚을 지다보니 2007년 664조원이던 가계부채가 2015년 1027조원으로 1.8배가 됐다. 국민은 빚 권하는 정부와 살고 있다”고 말했다. 그러면서 “이명박ㆍ박근혜 정부의 감세정책으로 낙수효과를 기대했지만, 낙수효과는 발생하지 않고 서민경제 침체와 양극화만 심화됐다”며 “기존의 부채의존 성장을 확대ㆍ심화하는 양적 완화 정책은 한국경제 부도 위험성을 강화할 것이다. 새누리당은 ‘경제는 잘 한다’더니 경제를 쪽박 냈다”고 강조했다.강태화 기자 thkang@joongang.co.kr



	"
[뉴스 속으로] 기독자유당 이윤석 “동성애 반대”…개혁국민신당 박세준 “발효의학 활성화”,http://news.joins.com/article/19862771,"
4·13 총선에서 정당투표 기호 5번인 기독자유당 이윤석 의원은 요즘 전남 지역의 목사·장로 등 기독교계 여론 주도층을 주로 만나며 선거 유세 활동을 하고 있다. 더불어민주당 재선 의원이었던 그는 지난달 당내 경선(영암-무안-신안)에서 패한 뒤 기독자유당으로 당적을 옮겼다. 기독자유당이 이번 총선 정당투표에서 3% 이상을 얻으면 이 의원(비례대표 1번)은 3선에 성공할 수 있다. 이 의원은 “경선 결과에 반발한 게 아니라 순종하는 마음으로 당을 옮겼다”며 “당선되면 의원으로서 우리 당이 추구하는 동성애 합법화 반대와 이슬람 종교단체에 대한 특혜 정책 폐지에 노력할 것이며 정치적 권력을 키울 생각은 없다”고 말했다. 기독자유당은 1000만 기독교인의 철학을 표방하는 정당이라는 점을 내세우고 있다. 기독자유당처럼 이번 총선에서 비례대표 의석 확보에 도전한 정당은 모두 21곳이다. 하지만 새누리당(1번)·더민주(2번)·국민의당(3번)·정의당(4번)을 빼면 언론에 오르내리는 정당은 거의 없다. 기독자유당과 민주당(6번)도 의석을 하나씩 보유한 공식 원내 정당임에도 불구하고 다른 17개 정당과 함께 ‘군소정당’으로 분류된다. 민주당 김도균 대변인은 “우리 정책을 널리 알릴 수 있는 경로를 찾기가 쉽지 않다”며 “소셜네트워크서비스(SNS)에 영상을 올리거나 노란 풍선을 매단 자전거를 타는 등의 이벤트를 통해 당을 알리고 있지만 언론의 주목을 제대로 받지 못하고 있다”고 말했다.민주당 강신성 봅슬레이연맹 회장“새만금 일대에 신경제수도 건설” 민주당에선 강신성 대한봅슬레이·스켈레톤연맹 회장이 비례 1번 후보다. 강 후보는 “비인기종목인 한국 봅슬레이를 세계 최고 수준으로 끌어올렸다”며 “이런 리더십을 바탕으로 대한민국의 새로운 성장신화를 만들겠다”고 말했다. 민주당은 새만금 일대에 신경제수도를 건설하고, 지역차별적 공직자 인사를 척결하기 위해 인사선진화법 제정을 공약으로 내세웠다. 재선 의원 출신인 김민석 대표는 비례 2번이다. 정당투표 기호 7번부터는 순서를 당 이름 가나다순으로 결정했다. 7번 가자코리아는 북진·흡수통일과 양도세·재산세·부가세율 50% 인하를 공약으로 내걸었다. 비례 1번 류승구 후보는 “세율 인하로 국가재정 수입이 줄어드는 문제를 어떻게 해결하겠느냐”는 기자의 질문에 “공무원 수와 급여를 줄이는 방식으로 재정 지출을 감축하겠다”고 말했다.일제·위안부·인권정당 최용상씨“일본과의 과거사 청산 문제에 집중” 강제동원일제·위안부·인권정당은 국내 정책 문제에 개입하지 않겠다고 선언했다. 비례 1번 최용상 후보는 “오로지 일본과의 과거사 청산 문제에 집중하겠다”며 “일제에 의해 강제 동원된 우리 노동자가 받지 못한 급여가 4조원에 이르는데, 이를 받아내겠다는 것이 최우선 공약”이라고 말했다. 이 밖에 위안부 피해자 할머니들을 위한 한·일 민간교류 활성화도 핵심 공약이다. 유산균 발효식품 업체를 운영하며 TV광고에 출연해 “딱 좋아!”라는 유행어를 퍼뜨리고 있는 박세준 후보는 개혁국민신당의 비례 1번 공천을 받았다. 이 당은 현행 의료규제가 전통적인 발효의학 발전의 걸림돌이 되고 있다고 주장한다. 박 후보는 “발효의학이 활성화되면 국내 환자 수를 100분의 1로 줄일 수 있는데 정부는 항생제 중심으로 치료하는 의료 시스템만을 보호하고 있다”고 비판했다. 올해 초 서울 종로에서 예비후보로 활동한 박 후보는 “발효의학의 우수성을 전국적으로 알리기 위해 비례대표 출마로 방향을 틀었다”고 말했다. 기호 10번 고용복지연금선진화연대는 대학생 창업교육 의무화를 공약으로 내걸었다. 비례 1번 황정애 후보는 “부자들에게 세금을 더 걷고, ‘눈먼 돈’인 복권기금을 서민 생활비로 지원하겠다”며 “별도의 세금을 더 걷지 않고 일자리 100만 개를 창출할 수 있다”고 주장했다. 역시 복지 구호를 앞세운 기호 17번 복지국가당은 안진숙 전 명지전문대 외래교수를 1번 후보로 공천하고 “학교를 졸업한 청년들에게 매월 60만원씩 1년간 구직수당을 지급하겠다”고 공약했다.공화당 박근령 전 육영재단 이사장“박 대통령 고려 직접 선거운동 안 해” 박정희 전 대통령을 명예총재로 소개하고 있는 기호 11번 공화당은 박근령 전 육영재단 이사장을 단독 비례대표 후보로 내세웠다. 박 후보는 박근혜 대통령의 친동생이다. 하지만 박 후보는 직접 선거운동에 뛰어들진 않았다. 공화당 신동욱 총재는 “청와대에 누가 될 소지를 없애기 위해 아내(박 후보)가 직접 선거 유세 현장에 나서지 않기로 했다”며 “반드시 3% 득표에 성공해 박근령에 대한 그동안의 왜곡된 평가를 잠재우겠다”고 말했다. 이와 함께 통일한국당(19번)은 박정희 전 대통령의 동상을 서울 광화문광장에 세우겠다고 공약했다. 비례1번 유규종 후보는 “대한민국 경제를 부흥시킨 박 전 대통령의 업적을 기리려 해도 좌파 눈치를 살펴야 하는 사회 분위기를 극복하기 위한 공약”이라고 말했다.기독민주당 최영순 당 회계책임자“국회의원 수 100명으로 축소 추진” 그린불교연합당(12번)과 기독민주당(13번)은 당명과 달리 종교 이념을 주요 공약으로 내세우지 않았다. 포항 오어사 주지 출신 이대마 후보를 비례 1번으로 공천한 불교연합당은 대통령 4년 중임제와 대법원장·헌법재판소장을 선거로 뽑는 내용의 개헌을 공약으로 발표했다. 당 회계책임자(최영순)가 비례 1번 후보를 겸하고 있는 기독민주당은 국회의원 수를 300→100명으로 축소하겠다고 밝혔다. 기호 14번 노동당은 재벌 증세를 통해 전 국민에게 월 30만원의 기본소득을 보장하고 시간당 최저임금도 1만원으로 올리겠다고 공약했다. 이 당 비례 1번에는 인터넷 방송인 ‘절망라디오’를 진행한 용혜인씨가 공천됐다.녹색당 황윤 다큐멘터리영화감독“밥쌀 수입 중단해 식량주권 지킬 것” 지난 19대 총선(2012년) 정당투표에서 득표율 0.48%(10만3842표)를 기록한 녹색당은 기호 15번으로 의석 확보에 재도전한다. 다큐멘터리영화감독 황윤씨를 1번으로 공천한 녹색당은 밥쌀 수입 중단으로 식량주권을 지키고, 전월세 상한제 도입 등 부동산 규제 강화를 추진하겠다고 밝혔다. “활동 목적이 민주적 기본질서에 반한다”는 헌법재판소 결정으로 지난해 해산된 통합진보당 출신 인사들의 합류로 논란이 된 민중연합당은 기호 16번을 받았다. 비례 1번 후보는 정수연 전 전국 약대학생회협의회 의장이다. 민중연합당은 14세까지 무상의료 서비스 제공과 국가정보원 해체를 공약했다.친반통일당 이문용씨“반기문 총장 차기 대통령으로 추대” 반기문 유엔 사무총장을 지지하는 친반통일당은 기호 18번으로 비례대표 의석 확보에 나섰다. 공약도 ‘반기문과 함께 통일’이다. 또 비정규직 근로자가 6개월 동안 일하면 정규직으로 의무 전환되도록 하는 노동정책도 공약에 담았다. 비례 1번 이문용 후보는 “정치 입문 과정에서 마음에 맞는 사람들과 논의한 결과 차기 대통령으로 반 총장을 추대하겠다는 뜻을 같이했다”며 “다음 국회에 내가 입성해야 반 총장의 인지도가 더욱 높아질 것”이라고 주장했다. 이 밖에 한국국민당(20번)은 정부 부처의 효율성 강화를 위해 여성가족부를 보건복지부 산하 기관으로 두는 것과, 기업의 이익을 근로자에게 의무 배당하는 공약을 내걸었다. 새누리당의 예전 명칭을 그대로 쓰고 있는 한나라당(21번)은 최대 두 명의 비례대표 당선자를 목표로 삼았다. 권순덕 당 총재를 비례 1번으로 공천한 한나라당은 농민들에게 2층 양옥집을 제공하고, 몽골·연해주·북한·만주·한국을 연계한 ‘5연방 1체제 1국가’ 건설을 이룩하겠다고 밝혔다. 정당득표율 3% 넘어야 당선선거에서 ‘군소정당’이란 공식 용어는 없다. 다만 중앙선거관리위원회가 주최하는 공식 대담·토론회에 참석할 수 있는 정당은 ▶5명 이상의 소속 의원이 있거나 ▶직전 대선 또는 정당투표에서 3% 이상 표를 얻었거나 ▶언론기관의 여론조사 평균 지지율이 5% 이상인 곳으로 제한된다. 이 때문에 이 조건을 채우지 못한 정당은 미디어 노출 횟수가 줄어들 수밖에 없어 이른바 ‘군소정당’으로 불린다. 6일 중앙선관위가 16개(공화당 불참) 군소정당을 따로 모아 비례대표 후보자 특별 토론회를 연 것도 이런 규정에 막힌 군소정당을 배려하는 차원이었다.언론의 주목도가 낮고 지지세력을 모을 수 있는 조직력이 약해 그만큼 당선자를 내기 어려운 군소정당은 ‘기탁금 리스크’도 함께 감수해야 한다. 비례대표 후보를 공천하는 정당은 후보 1인당 1500만원씩 기탁금을 내야 한다. 이 돈은 정당 득표율 3%를 넘겨 한 명이라도 당선자가 나오면 전액을 돌려받을 수 있다. A정당이 비례대표로 20명을 공천해 기탁금 3억원(1500만원×20)을 낸 뒤 당선자가 한 명만 나와도 3억원 전액을 돌려받는다는 뜻이다. 하지만 당선자가 없으면 낸 돈을 한 푼도 받지 못한다. 군소정당 17곳의 비례대표 평균 출마자 수가 2.8명인 것도 이 같은 기탁금 손실 위험 때문이다. 반면 새누리당은 44명, 더불어민주당은 34명, 국민의당은 18명, 정의당은 14명을 각각 공천했다.최선욱 기자  isotope@joongang.co.kr



	"
"여당, 강봉균 양적완화 뒷받침…“20대 국회서 한은법 개정”",http://news.joins.com/article/19856863,"
새누리당은 7일 공동선대위원장인 강봉균(사진)표 ‘한국판 양적완화(돈풀기)’를 뒷받침하기 위해 한국은행법 개정안을 20대 국회에서 발의하겠다고 밝혔다. 한은이 산업은행·한국주택금융공사로부터 산업금융채권(산금채)과 주택담보대출증권(MBS)을 직접 살 수 있게 해 돈이 시장에 더 풀릴 수 있도록 하는 내용이다.이날 새누리당 비례대표 후보자들로 구성된 ‘소통 24시, 365공약실천단’은 한은법 개정안 등 20대 국회에서 100일 이내에 발의할 법안 53개를 발표했다. ‘U턴기업 활성화법안’(해외 진출 기업의 국내 복귀 지원), ‘자영업자 응원법안’(과도한 임대료 상승 억제)과 19대 국회에 묶여 있는 서비스발전법안, 사이버테러방지법안, 대학구조개혁법안 등이 포함됐다.조원동 선대위 공동경제정책본부장은 한은법 개정과 관련, “한은법을 정해 한은이 산은, 주금공, 은행 등 발행기관으로부터 직접 채권을 사들일 수 있게 할 것”이라며 “한은의 발권력을 동원해 산금채 등을 직접 매입할 경우 기업구조조정 촉진과 같이 원하는 정책효과를 낼 수 있을 것”이라고 설명했다. 현행법상 한은은 국채나 정부가 보증한 채권만 직접 인수할 수 있다. 한은이 이들 산금채 등을 인수하려면 정부가 보증을 서야 하고 국회 동의가 반드시 필요하다. 이럴 경우 정부가 빚 보증을 서야 해 국가채무는 늘어난다. 이 때문에 법을 고쳐 한은이 직접 이를 인수하게 하자는 것이다.강봉균 위원장도 이날 한국방송기자클럽이 주최한 토론회에서 “중앙은행이 이제는 인플레만 막는 역할(물가 안정)을 하는 시대가 아니라 다른 선진국처럼 경제가 가라앉으면 그것을 일으키고 금융시장에 돈이 막힌 곳이 있으면 뚫어주는 역할을 해야 한다”고 말했다. 이어 “미국이나 일본이 시중의 자금을 그냥 풍부하게 만드는 양적완화를 했다면 나는 그게 아니라 우리 경제의 구조를 바꾸는 데 분명한 목표를 두고 한은의 지원을 받자는 의미”라고 덧붙였다.강 위원장의 양적완화 입장에 대해 유일호 경제부총리 겸 기획재정부 장관은 지난 6일 “일리가 있다”며 전향적인 태도를 보였다. 청와대도 조심스럽지만 양적완화 방침에 공감하는 분위기가 감지된다. 안종범 경제수석은 멕시코 순방 중이던 지난 4일 양적완화에 대한 기자들의 질문을 받고 “총선 과정에서 논평하는 것은 적절치 않다”고 언급을 피했다.하지만 ‘반대’라기보다는 답을 피하는 모양새였다. 청와대가 양적완화 문제에 대해 조심스러운 것은 공약 자체의 휘발성이 강한 데다 불필요하게 총선 개입 논란을 일으키지 않으려 하기 때문이다. 청와대 관계자는 “통화정책은 한국은행과 금융통화위원회가 잘 판단해 할 것”이라고 말했다. 하지만 여권 핵심 관계자는 “강 위원장의 양적완화 방안을 유일호 경제부총리가 호응하고 나선 것은 여권 전체에 공감대가 있다는 얘기”라며 “청와대도 내심 이 정책에 찬성하고 있는 것으로 안다”고 말했다.강 위원장은 이날 토론회에서 최저임금 인상에 대해선 “더불어민주당이 최저임금을 1만원까지 올리겠다는 것은 기업이 다 부담하라는 얘기인데 지불 능력이 있는 큰 기업은 올려주는 게 맞지만 영세 자영업자, 소상공인 때문에 (지금) 최저임금심의위에서 옥신각신하는 것”이라며 “(새누리당은) 지불 능력이 모자라는 영세 자영업자를 도와주는 근로장려세제를 통해 9000원의 혜택(효과)을 받을 수 있게 하겠다”고 말했다.증세와 관련해서는 “현 정부 임기가 얼마 안 남았는데 소위 말하는 새로운 세금을 신설하거나 세율을 올리는 것은 어렵다”며 “새로운 정권이 생길 때 그때 국민을 설득해서 증세를 추진하는 게 맞다”고 말했다.박유미 기자yumip@joongang.co.kr



	"
"새누리 긴급회의, 반성모드 급전환",http://news.joins.com/article/19850777,"
새누리 대구 후보들 “공천잡음 피눈물 나게 반성” 새누리당 최경환 대구·경북권 선거대책위원장과 총선 대구 지역 후보들이 6일 대구문화예술회관 앞에서 “공천 과정의 불협화음에 대해 피눈물 나게 반성하고 있다”며 대구시민들에게 사과했다. 이들은 사죄의 뜻으로 무릎을 꿇고 큰절도 했다. 왼쪽부터 곽상도(중-남)·이인선(수성을)·조원진(달서병) 후보, 최 위원장, 김문수(수성갑)·윤재옥(달서을)·김상훈(서)·곽대훈(달서갑)·정종섭(동갑) 후보. 회견에는 정태옥(북갑)·추경호(달성) 후보도 참석했다. [뉴시스]새누리당이 긴급대책회의를 열어 남은 선거운동을 ‘반성 모드’로 치르기로 했다. 새누리당 4·13 총선 선거대책위원회는 6일 오후 8시 서울 여의도 당사에서 김무성 대표 주재로 긴급회의를 열어 선거운동의 콘셉트를 ‘야당심판론’ 대신 ‘집권당으로서의 반성’으로 하기로 합의했다고 참석자들이 전했다. 박근혜 대통령이 이날 오후 미국·멕시코 순방을 마치고 귀국한 지 3시간 만이다.회의에는 원유철 원내대표(공동선대위원장), 나경원·오세훈·안대희(이상 서울위원장)·정병국(경기위원장)·황우여(인천위원장)·최경환(대구·경북위원장) 후보 등이 참석했다. 참석자들은 최근 2~3일간 공천 갈등에 대해 유권자들에게 진심으로 사과하자 분위기가 나아졌다는 데 공감하고 “남은 6일간의 선거운동 콘셉트를 ‘반성과 다짐’으로 하자”고 합의했다. 특히 “안 싸울게요” “정신 차릴게요” 등을 반복하는 새 선거 홍보노래(‘반·다·송’) 영상도 촬영했다.현일훈·김경희 기자 hyun.ilhoon@joongang.co.kr



	"
"새누리 ""한국형 GPS 구축하겠다""… 미래 과학공약 발표",http://news.joins.com/article/19845993,"
새누리당이 6일 한국형 GPS(위성항법시스템) 구축 등을 담은 4ㆍ13 총선 미래ㆍ과학 공약을 발표했다.새누리당 미래로 과학팀(팀장 송희경 비례대표 1번)은 이날 오전 국회 정론관에서 “한국형 GPS 시스템 구축으로 차세대 공간ㆍ위치정보산업 활성화 및 재해ㆍ재난ㆍ안전ㆍ안보 기반을 마련하겠다”고 말했다.새누리당은 핵심 총선 공약으로 ‘글로벌 지향형 창조경제 업그레이드 추진’과 ‘전통산업과 정보통신기술이 융합된 미래 먹거리 일자리 창출’을 전면에 내세웠다.미래로 과학팀에 따르면 새누리당은 전국 18개 창조경제혁신 센터를 중심으로 ‘소프트웨어 융합 클러스터’를 2017년까지 10개를 조성함으로써 소프트웨어 중심사회를 구축하겠다는 계획이다. 새누리당은 “관련 규제완화를 통해 국내 대ㆍ중소기업의 해외진출과 해외자본의 국내 투자 유도의 선순환 구조를 생성하겠다”고 말했다.또 개방형 온라인 클러스트를 통해 소프트웨어 융합형 인재를 육성하겠다고 밝혔다. 이에 지속 가능한 4차 산업혁명 주도를 위한 ‘추진 특위’도 설치할 계획이다.특히 새누리당은 이날 미래 후손들을 위한 차세대 먹거리 액션플랜(실천계획)도 발표했다.구체적으로 ^(가칭)규제프리존 지정 및 운영에 관한 특별법 제정 ^한국형 GPS구축 ^통합 수출 허브 ‘스마트 SOC’ 설치 등을 공약으로 내세웠다.최진녕 새누리당 중앙선거대책위원회 부대변인은 “과학기술인들의 실질적 과학기술 정책 참여와 집행이 가능한 ‘국가과학기술심의회’운영으로 과학인들의 자기규율 운영원칙을 강화키로 했다”며 “연구 관련 한국형 그랜트 제도ㆍ상향식 연구과제 등도 확대, 개선하기로 했다”고 말했다.현일훈 기자 hyun.ilhoon@joongang.co.kr



	"
"“탈핵, 동물권리 보호” 녹색당…청중 안 모여도 “1석만이라도”",http://news.joins.com/article/19844627,"
지난 2일 녹색당 이유진 후보(서울 동작갑?왼쪽)를 취재하는 대학생 박나연(오른쪽)씨와 양현준씨. 녹색당은 4·13 총선에 총 10명의 후보(지역구·비례대표 각각 5명)를 냈다. ‘비례 1석’이 총선 목표다.“안녕하세요, 녹색당입니다!” 지난 2일 오후 2시 서울 동작구 보라매공원. 마치 우주인처럼 흰옷을 전신에 두르고 마스크를 쓴 녹색당원들이 공원을 돌아다니며 인사를 하고 있었다. 색다른 광경에 주민들은 가던 길을 멈췄다. 당원들은 이렇게 설명했다.“오늘 미세먼지가 많아서, 방진복을 입고 당을 알리는 퍼포먼스를 하고 있어요. 이렇게라도 안 하면 우리 당을 어떻게 알려요?” 국내에서 녹색당은 일본 후쿠시마 원전 사고를 계기로 2012년 창당했다. 독일 등 외국의 녹색당과 ‘글로벌 그린스(Global Greens·녹색당과 환경운동단체의 국제조직)’로 묶인 한 가족이다. 8700명의 당원을 지녔고 탈핵(脫核), 기본소득·안전한 먹거리 보장, 동물권(權) 보호 등의 정책을 내걸고 있다. 당원들이 낸 돈으로 선거자금 6억원도 마련했다. 새로운 정치에 대한 희망이 그들을 선거에 나서게 했다.“많이도 안 바란데이. 300석 중 딱 한 석. 그 한 석이 우리나라를 완전히 바꿀끼요.”(당원·남준희·50)서울 종로에 출마한 하승수 후보와 함께 공동대표를 맡고 있는 서울 동작갑 이유진 후보를 장승배기 선거사무소에서 만났다. 이 후보는 녹색연합에서 환경운동을 해 온 에너지 전문가다. 녹색당 선거사무소는 달랐다. 지붕 위 태양광 발전기로 전기를 만들고, 음식물쓰레기는 흙과 지렁이로 분해하고 있었다. 화려한 유세차 대신 매연이 없는 전기 차와 자전거로 유세를 다닌다고 설명했다.녹색당은 이번 선거에 각각 5명의 지역구·비례대표 후보를 냈다. 비례 1번 황윤 후보는 동물권을, 2번 이계삼 후보는 탈핵을 표방했다. 비례대표 한 석을 얻을 경우 두 후보가 2년씩 돌아가며 의정활동을 하기로 했다. 황 후보는 동물에 관한 영화를 찍어 온 감독이다. 공장식 축산동물 사육환경 개선, 동물실험 축소 등을 주장한다. 이계삼 후보는 밀양 송전탑 반대운동을 해 온 전직 교사다.녹색당이 비례의석 하나를 얻기 위해 달성해야 하는 정당득표율은 3%. 쉽지 않은 도전이다. 오후 5시, 이유진 후보가 성대시장으로 향했다. 본인 이름보다 ‘녹색당’이 더 크게 적힌 띠를 두르고 다녔다. “이유진입니다. 정당투표는 녹색당 부탁드립니다.” 그가 호소한 건 자신의 당선이 아니라 정당투표 3%였다. 하지만 정당투표제를 모르는 주민은 생각보다 많았다. “왜 15번(녹색당 정당투표 번호)을 찍어야 해?”라고 묻는 주민들을 설득하려면 더 강력한 ‘한 방’이 필요해 보였다. ▶관련 기사   ""새누리·더민주만 있냐"" 원외정당·창준위 38개 활동…'반기문당'만도 4개이 후보는 이날 오전 열린 지역의 방송 토론회에도 참가하지 못했다며 허탈해했다. 현행 선거법은 군소정당 후보자의 토론회 참여를 제한하고 있다. “기탁금(1500만원)도 똑같이 냈는데, 너무 차별이 심합니다. 당을 알려야 하는데….”해가 저문 뒤 시장 한 귀퉁이에서 이 후보가 연설을 시작했다. 듣는 사람이 없어도 그는 외쳤다. “여러분과 같은 고민을 하는 정당을 국회로 보내주십시오!” 녹색당의 고민이 아직은 유권자들이 공감하기에 너무 멀지도 모른다. 하지만 우리나라에도 ‘생명’을 말하는 국회의원이 한 명쯤은 필요하지 않을까.서울대 인류학과 3년 박나연·정치외교학부 3년 양현준



	"
"새누리, '직업군인의 정년연장안' 총선 공약으로 추진키로",http://news.joins.com/article/19839891,"
새누리당이 직업군인의 정년연장 등을 담은 4ㆍ13 총선 안보공약을 마련했다고 당 핵심 관계자가 5일 전했다.당 정책위 관계자는 “군인의 직업 안정성을 향상시켜 전투력 증진에 기여하고자 계급별 정년을 현 정년에서 1~3세 연장하는 방안을 공약으로 마련했다”며 “이르면 오늘(5일) 이런 내용 등을 담은 안보공약을 발표할 예정”이라고 말했다.이 관계자에 따르면 대령은 현행 56세에서 1년 연장해 57세로, 중령은 현행 53세에서 55세로, 소령도 45세에서 48세로 정년을 연장하는 방안을 추진키로 했다. 준ㆍ부사관도 준위 현행 55세(+2), 원사 현행 56세(+2)로 연장하기로 했다. 한편 장성급은 현행 정년을 유지하기로 했다.새누리당은 ‘장병 의료지원체계 개선’도 공약사항으로 추진한다. 당 관계자는 “군 병원 진료능력을 초과하거나 응급상황으로 민간병원을 이용해야 할 경우 진료비 전액을 지원하는 안을 공약으로 만들었다”며 “또 국군외상센터 설립 및 원격진료 확대 등도 함께 추진하기로 했다”고 말했다. 새누리당은 공무상 요양비 신청절차 간소화 및 지원범위 확대도 공약 사항에 넣었다.이밖에도 ▶참전 명예수당 및 무공 영예수당 4년간 10만원 인상 ▶6ㆍ25 참전 유공자 진료비 감면 확대(60% → 80%) ▶예비군 훈련수당 2021년까지 3만원 수준으로 현실화 등도 이번 총선 공약사항에 넣었다.더불어 새누리당은 과거 대(對) 간첩작전 위주의 통합방위체계를 재난 및 테러 대응 등 국민안전관리 차원으로 발전시키기로 했다. 당 관계자는 “재난안전상황실과 통합방위종합상황실을 하나의 종합상황실로 통합해 체계적인 위기대응을 보장하는 방안을 세워나가고 있다”고 말했다.새누리당은 또 작전수행체계도 초기대응팀 통합운용, 주민신고체계 개선, 범 국가적 사이버대응체계 구축, 국가주요시설 방호 강화 등을 통해 발전시켜 나갈 계획이다. 새누리당 국방위 관계자는 “북한 핵ㆍ미사일 도발에 대한 실효성있는 대응책을 구축하기 위해 독자적 Kill Chain(적 미사일 공격에 대응하는 공격형 방위시스템) 및 KAMD(한국형 미사일방어체제) 능력을 공약사항에 넣어 집중 관리해 나갈 것”이라고 말했다.현일훈 기자 hyun.ilhoon@joongang.co.kr



	"
"새누리 지지율 3주째 하락, 심야 긴급회의 ",http://news.joins.com/article/19838222,"
새누리당이 4일 오후 8시30분 김무성 대표 주재로 긴급 중앙선거대책위원회의를 열었다. 당 공동선대위원장인 원유철 원내대표 등이 참석한 회의에선 판세 분석과 수도권 선거 전략 등을 논의했다고 참석자들이 전했다.안형환 중앙선대위 대변인은 1시간20분간의 회의가 끝난 뒤 “자체 판세 분석 결과 이번 총선에서 과반 의석을 획득하지 못하는 것으로 나타났다”고 말했다. 회의에선 50대 이상 핵심 지지층의 투표 포기 현상이 심각한 만큼 대책이 필요하다는 보고가 있었다고 한다.특히 새누리당 지지율이 3주 연속 하락했다는 내용도 논의됐다. 리얼미터는 이날 새누리당 지지율이 지난주보다 1.2%포인트 하락한 37.1%라고 밝혔다. 권성동 선대위 전략본부장은 중앙일보와의 통화에서 “수도권에서 새누리당 후보의 실제 지지율이 15∼20%포인트 낮게 나왔다는 보고가 있었다”며 “최악의 경우 전체 의석수는 135석까지 줄어들 수도 있다”고 말했다.권 본부장은 “특히 수도권 122석 중 25석 정도만 당선권에 있는 것으로 조사됐다”고 주장했다.김경희 기자 amator@joongang.co.kr



	"
"[토요정담] 강봉균 ""그 양반 세계 경제 몰라""···김종인과 '할배 경제 배틀'",http://news.joins.com/article/19826393,"
꾀주머니, 깡돌이, 빠끔이.한 사람의 별명이다. 경제 관료 시절 머리 회전이 빠른 데다, 난관에 봉착할 때면 생각나는 사람이라고 해 그런 별명이 붙었다고 한다. 4·13 총선을 앞두고 김종인 더불어민주당 비상대책위원회 대표의 원맨쇼를 보던 여권이 대항마로 생각해낸 사람이 바로 강봉균 전 재정경제부 장관이다. 그런 기대답게 새누리당 공동선거대책위원장을 맡은 강 전 장관은 연일 김종인 대표와 거칠게 맞붙고 있다.여의도 정가에선 세 살 터울인 강 위원장(73)과 김 대표(76)의 언쟁을 두고 ‘할배 경제 배틀’이란 이름까지 붙였다.1일 둘은 또 충돌했다. 선방은 강 위원장이 날렸다. 오전 CBS라디오에 출연해 “김 대표는 세계 경제가 어떻게 돌아가는지 모르는 양반”이라고 직격탄을 날렸다. 전날 김 대표가 강 위원장의 ‘한국판 양적완화’ 주장에 대해 “세계가 어떻게 돌아가는지 전혀 감을 못 잡고 있다”고 비판한 걸 그대로 되돌려준 것이다. 강 위원장은 “2008년 세계 금융위기 후 미국·일본·유럽연합(EU)이 다 양적완화를 했다. 성공한 뒤에야 미국은 돈 푸는 걸 중단했다”고 말했다. 강 위원장에게 전화로 몇 가지 질문을 던졌다. 김 대표는 그동안 우리나라도 계속 돈을 풀었다고 한다.“우리나라는 선진국들과 같은 정도의 금융정책을 해 본 일도 없다. 사실을 왜곡하고 있다.”왜 연일 김 대표와 논쟁하는 건가.“내가 먼저 시비를 건 적이 없다. 그 양반이 나보고 경제를 모르네, 헌법 공부를 해야 하네, 하니까 대응하는 것이다.”김 대표가 청와대 경제수석으로 있을 당시, 한국개발연구원(KDI)으로 내려와 있던 강 위원장을 도와줬다는 얘기도 있는데.“1990년 전후 내가 경제기획국장을 4년 하고 KDI에서 1년간 있다가 다시 기획재정부 차관보로 돌아왔다. 당시 김 대표에게 도움 받은 건 전혀 없다.”김 대표가 트레이드마크로 삼는 경제민주화에 대해서도 강 위원장은 “헌법 119조 2항(경제민주화)은 보완책이며, 시장경제 원칙을 명시한 제1항이 핵심”이라고 주장했다. 전날 김 대표는 “헌법 119조 2항에 ‘경제민주화를 실현하라’고 적혀 있는데, 이런 헌법적 가치를 두고 포퓰리즘이라고 비판한다”며 강 위원장이 헌법도 모른다고 비판했었다.강 위원장은 김 대표의 대기업 규제 발언에 대해서도 “한쪽을 묶어놓고 하는 건 조화가 아니다”며 “그 양반(김종인)은 대기업을 묶어놓는 규제를 해야 중소기업이 잘된다는 이상한 말을 한다”고 목소릴 높였다.(※강 위원장은 중앙일보 기자와 나눈 이 얘기를 공개적으로도 했다. 김 대표가 가만있을 리 없다. 김 대표는 전북 지역 지원유세 중에 “정부가 돈이나 풀고 금리나 내린다고 경제가 좋아지지 않는다. 세계 어느 나라도 돈 풀고 금리 내려 경제가 살아나지는 않았다”고 말했다. 강 위원장의 ‘양적완화 발언’에 대한 반격이었다.)강 전 위원장은 김대중 정부 때 재경부 장관을 지내고 노무현 정부 땐 열린우리당 정책위의장을 지낸 야권 인사다. 하지만 정치권에선 “이제야 맞는 옷을 입었다”고 평한다. 실제로 2007년 열린우리당 정책위의장이었을 당시 당 지도부가 추진한 법인세 인상 등에 반대하는 바람에 “한나라당으로 가라”(김근태 의장)는 말까지 들었던 그다.강 위원장은 친박계 실세로 불리는 최경환 전 경제부총리와도 인연이 깊다. 그는 최 전 부총리에 대해 “85년 전후로 내가 경제기획국 국장으로 있을 때 그 양반은 내 밑에서 사무관으로 일했다”며 “사람이 시원시원하니 일을 잘했다”고 말했다. 탈당한 유승민 의원에 대해선, 80년대 후반 강 위원장이 경제기획원 차관보로 일할 때 KDI 박사로 있던 유 의원을 만났다고 한다. 유 의원이 유난히 똘똘했었다고 강 위원장은 기억했다.새누리당은 강 위원장에게 경제 공약과 관련해 전권을 줬다. 하지만 ‘양적완화’ 논란엔 부담스러워하는 눈치다. 당 관계자는 “강 위원장은 99년 재경부 장관 시절 ‘400만 신용불량자 양산의 주범’으로 비판을 받았다. 그때도 시장에 돈이 돌게 하겠다고 해 지금의 양적완화 논쟁과 맥락이 비슷했다”고 말했다.  ▶관련기사 강봉균 “경제민주화는 낡은 진보” 김종인 “헌법도 안 읽은 사람”▶관련기사 [뉴스룸 레터] 강봉균 vs. 김종인하지만 강 위원장은 오불관언이다. 그는 “신용카드 정책은 내가 장관이 되기 전에 이미 다 정해졌었다”고 반박했다. 당 관계자들에 따르면 강 위원장이 “경제 공약은 내가 알아서 할 테니 당신들은 가만히 있으라”고 말했다고 한다. ‘깡돌이 선대위원장’의 서슬에 새누리당 인사들은 조마조마해 하고 있다.박유미·현일훈 기자 yumip@joongang.co.kr



	"
"전월세상한제, 아동수당 10만원…지키지 못할 공약 냈다가 ‘펑크’",http://news.joins.com/article/19820177,"
[사진=프리랜서 김성태]2013년 10월 국토교통부 국정감사에서 ‘전·월세 상한제’ 도입을 두고 새누리당과 민주통합당(더불어민주당 전신) 의원들이 충돌했다. 전·월세 태스크포스(TF)팀을 만들어 상한제 도입을 당론으로 내건 민주당은 전·월세 상한제와 계약 갱신청구권 수용을 촉구했다. 하지만 새누리당 강석호 의원은 “극약 처방”이라고 반박했고, 정부도 “임대주택의 공급을 위축시켜 가격 급등을 야기할 수 있다”고 반대했다.그런데도 새누리당은 2012년 19대 총선 때 ‘전·월세 가격 급등 지역에 제한적·한시적으로 전·월세 상한제 도입을 추진한다’고 공약했다. 전·월세 상한제 논의는 2014년 12월 여야가 만든 서민주거복지특별위원회에서 재개됐지만 기존 임대인과의 계약 갱신을 전제로 하는 전·월세 전환율 조정 수준에서 마무리됐다.중앙일보가 공약안에 목표 수치나 시점 등이 담긴 19대 총선 정당 공약 50개를 분석한 결과 새누리당의 경우 14개(28%)를 완료했고, 정상 추진 중인 공약이 9개(18%), 일부만 추진된 공약이 9개(18%)였다. 보류·폐기된 공약이 18개(36%)였다. 민주통합당은 완료 10건(20%), 정상 추진 3건(6%), 일부 추진 13건(26%), 보류·폐기 24건(48%)으로 나타났다. 50개 공약 중에는 두 정당이 공통으로 공약한 것도 14개나 됐지만 그중 절반을 이행하지 않았다. ◆새누리당은 야당 탓=새누리당은 2012년 19대 국회 개원 직후 공약 실천을 위해 ‘100%국민행복실천본부’를 운영했다. 그해 9월 “총선 공약사업 102개 중 93개에 예산을 추가 반영하고, 52건의 법안 중 51건의 법안을 발의했다”고 발표했다. ▶만 0~5세에 양육수당 보육비 지원 ▶필수의료행위와 중증질환에 대한 건강보험 적용 확대 ▶대학 학자금대출 금리와 카드 가맹점 수수료, 이동통신 요금 인하 등은 성과를 냈지만 19대 국회가 끝나 가는 현재 마무리되지 못한 공약이 수두룩하다.지역가입자에 대한 공평한 보험료 부담을 골자로 하는 ‘건강보험료 부과체계 개편’ 공약은 무위로 끝났다. 새누리당은 20대 총선 공약에 다시 “지역가입자의 자동차나 재산에 대한 보험료 부담을 단계적으로 줄이겠다”는 내용을 집어넣었다. 윤석명 보건사회연구원 연구위원은 “여야가 모르핀 같은 효과를 주는 정책은 각자 추진하면서 건보료처럼 우리 사회에서 꼭 필요한 공약은 갈등 소지가 보이면 책임지기를 미루는 경향이 있다”고 지적했다.새누리당은 고용·노동 관련 분야에서 특히 공약 이행률이 낮았다. ‘근로시간 특례업종 축소’ 공약의 경우 지난해 9월 노사정이 근로시간 제한 규제를 받지 않는 특례업종을 26개에서 10개로 축소해 이행되는 듯했지만 근로기준법 개정안이 국회 문턱을 넘지 못했다. 생애 첫 중소기업 취업자에 대한 공공임대주택 우선 분양 등도 추진하지 못했다.19대 총선 당시 정책위의장을 지낸 이주영 의원은 “정부와 협의해 재원 대책을 제시해 실천율을 높였고, 관련 법안도 대부분 국회에 제출했지만 노동개혁 법안 등은 야당의 발목 잡기 때문에 통과되지 못했다”고 주장했다. ◆야당은 새누리 탓=민주당은 부모의 양육 부담을 완화하겠다면서 만 0~5세 영·유아 가정에 월 10만원의 아동수당을 지급하겠다고 약속했다. 아동 1인당 연간 120만원씩 최소 2조원의 예산이 필요했던 이 공약은 학계에서도 반대해 폐기된 상태다. 최저임금을 전체 노동자 평균임금의 50%로 인상하겠다는 공약도 현실화하지 못했다. 통계청에 따르면 국내 임금 근로자의 월평균 임금은 323만원이다.변양규 한국경제연구원 거시연구실장은 “선진국의 경우 최저임금을 올렸을 때 영향을 받는 근로자 비율이 5% 미만이지만 한국은 18% 정도”라며 “최저임금을 올렸을 때 상당수는 아예 일자리를 잃게 될 수 있다”고 말했다. 비보험 진료비에 대해 전면 건강보험을 적용하고, 의료비 본인 부담 상한제 기준을 200만원에서 100만원으로 내리겠다는 공약도 실천하지 못했다. 신영석 한국보건사회연구원 선임연구위원은 “고령화 추세로 이대로라도 몇 년 내 건강보험 재정이 고갈될 위기인데 건강보험료 인상 등 추가 재원 마련에 대한 고민 없이 내놓은 공약”이라고 비판했다.19대 총선 당시 정책위의장을 지낸 이용섭 더민주 총선정책공약단장은 “야당은 공약을 추진하는 데 한계가 있다”며 “최대한 재원 조달 방안을 내고 법안까지 제출했지만 다수당인 새누리당의 반대로 못한 게 많다”고 주장했다.박유미·이에스더 기자 yumip@joongang.co.kr



	"
"“공약은 선물 아닌 세금청구서, 예산을 가장 먼저 고려해야”",http://news.joins.com/article/19820176,"
더불어민주당은 31일 평균 409만원 수준인 국공립대 등록금을 사립대 등록금(733만원)의 3분의 1 수준인 250만원 선으로 낮추고, 연 2.7%인 정부의 학자금 대출 금리를 무이자로 전환하겠다는 총선 공약을 발표했다.더민주 최운열 국민경제상황실장은 이날 기자회견을 열고 “두 공약을 위해 매년 8700억원과 2100억원의 예산이 필요하다”고 말했다. 그러나 최 실장은 이 예산을 어떻게 마련할지에 대해선 설명하지 않았다. 새누리당은 학자금 대출 금리를 2.5%로 낮추는 공약을 이미 발표했다.여야는 20대 총선을 앞두고도 ‘퍼주기 공약’을 계속 내놓고 있다. 하지만 19대 총선 때 새누리당과 민주통합당(더민주 전신)이 내놓았던 그런 포퓰리즘성 공약 중엔 실행되지 않은 것이 수두룩하다. 고교 무상교육 단계적 실시, 전·월세 상한제 제한적 도입, 서민 의료비 경감을 위한 의료안전망 기금 설치, 생애 첫 중소기업 취업자 공공임대주택 우선 분양 등이 대표적이다.전문가들도 총선 공약이 100% 실현되기 어렵다는 점은 인정한다. 대통령 등 행정부의 입장이 다를 수 있어 정책으로 바로 이어지기 어려울 수도 있다. 하지만 여야가 공통으로 내놓은 공약조차 이행되지 못한 건 문제라는 비판이 나온다.이광재 한국매니페스토실천본부 사무총장은 “국회선진화법에 따라 다수당이라고 법안 처리를 강행할 수 없으니 여야가 공약 이행을 위해 협력과 경쟁을 병행해야 한다”며 “공통 공약은 함께 처리하고 이견이 있는 공약은 경쟁하거나 협의하는 체제를 갖춰야 한다”고 제안했다. 이번 총선에서 어느 당이 다수당이 되든 이런 태도가 있어야 유권자들에게 내놓았던 공약을 최대한 실천할 수 있다는 뜻이다.고선규 중앙선거관리위원회 선거연수원 교수는 “자원은 한정돼 있고 경제성장률은 낮아지는데 고령화와 청년실업, 보육 등 국민의 요구는 늘고 있다”며 “정당이 공약을 만들 때 어떻게 예산을 투입할지를 가장 우선적으로 고려해야 한다”고 강조했다.이광재 사무총장도 “정치권이 많은 예산이 드는 선거 공약을 발표하지만 자기 주머니에서 나오는 게 아니라 세금이 들어가야 하는 것”이라며 “공약은 선물 보따리가 아니라 세금청구서라고 인식해야 한다”고 말했다.20대 총선 공약을 발표하면서 더민주와 국민의당은 자체 예산 추계 내용을 공약집에 실었다. 하지만 ‘증세 없는 복지’를 주장하는 새누리당은 이번 총선 공약집에 예산 추계 항목을 아예 싣지 않았다.기획재정부 장관과 청와대 정책기획수석, 국회의원을 지낸 박재완 한반도선진화재단 이사장은 “선거 3개월 전쯤 정당이 공약을 중앙선거관리위원회에 등록하면 선관위가 위원회를 꾸려 2개월 정도 검증을 거친 뒤 소요 재원이 얼마고 실현 가능성이 어떤지 분석을 해서 선거 한 달 전에 발표해 유권자가 알게 하자”고 제안했다. 박 이사장은 “선거를 코앞에 두고 발표하는 공약일수록 포퓰리즘 성격이 강한 만큼 공약을 급조하는 걸 막을 수 있고 무리한 퍼주기도 근절될 것”이라고 말했다.김성탁·강태화 기자 sunty@joongang.co.kr



	"
더민주 주진형 막말…상황실장 대리 사과,http://news.joins.com/article/19820171,"
더불어민주당 최운열 국민경제상황실장이 31일 주진형 상황실 대변인의 독설에 대해 사과했다.전날 주 대변인은 첫 경제현안 브리핑에서 박근혜 대통령을 ‘박근혜씨’라고 불렀다. 새누리당 최경환 의원에 대해선 “무능해서 아무것도 할 게 없는 사람”, 이한구 공천관리위원장은 “극혐, 혐오감 넘버원 중 한 명”이라고 주장했다. 강봉균 공동선거대책위원장에 대해 “뻔히 자기들 인물 내세워 공약을 말하기가 얼굴이 안 서니, 엄하게 집에 앉은 노인을 불러다 그분 입을 통해 50년 전 얘기를 다시 하는 것”이라고 주장했다.이에 최 실장은 “대변인이 상대방의 여러 가지 경제정책이 너무 과거 회귀적이란 걸 의식해 말씀하시다 보니 좀 격한 표현이 있으셨던 것 같다”며 “앞으로 더 신중히 표현하겠다”고 말했다. 그는 “전혀 그분들에 대한 인신공격이 아니었는데 그렇게 표현된 부분은 저희가 앞으로 더 신중히 표현하겠다”고 했다.  ▶관련기사 주진형 ""강봉균 '집에 앉은 노인' 이한구 '극혐' 최경환 '무능'""최 대변인은 “저도 전날 브리핑 내용을 읽어봤는데 용어란 게 ‘아’ 다르고 ‘어’ 다르다”며 “이왕이면 조금 정제된 용어를 쓰는 게 좋지 않을까 해서 저희가 상의를 많이 했고 앞으로 가능한 한 오해가 없게 하겠다”고 거듭 강조했다. 이날 최 실장 옆엔 주 대변인도 배석해 있었다. 주 대변인은 “전 특별히 할 얘기 없다”는 말만 했다. 　위문희 기자 moonbright@joongang.co.kr



	"
강봉균 “경제민주화는 낡은 진보” 김종인 “헌법도 안 읽은 사람”,http://news.joins.com/article/19820158,"
4·13 총선을 앞두고 여야 경제 사령탑이 ‘경제민주화’를 놓고 충돌했다.더불어민주당 김종인 비상대책위 대표의 트레이드마크인 경제민주화에 대해 새누리당 강봉균 공동선거대책위원장이 정면으로 공격하고 나섰다. 강 위원장은 31일 라디오 인터뷰에서 “(경제민주화는) 글로벌 경제가 자리 잡히기 이전에 존재하던 낡은 진보 사상”이라고 비판했다. 그런 뒤 “상당히 그럴듯하게 달콤하게 보이고 듣기엔 좋지만 평등주의를 밑바탕에 깔고 있다. 그런 식으로 사고하는 나라는 선진 자본주의 국가에서 하나도 없다”고 지적했다.강 위원장은 “국경 없는 무한 경쟁시대가 됐기 때문에 이제는 평등주의적 사고로는 다른 나라 기업들을 이길 수 없다”며 “두 배 열심히 일한 사람이나 두 배 효율적인 사람이 더 많이 가져가는 원리가 없어지면 경제는 성장·발전할 수 없다”고 주장했다. 그는 더민주의 공약에 대해서도 “일종의 포퓰리즘 에 가깝다”고 평가절하했다.강 위원장의 비판에 김 대표는 기자들과 만나 “그 사람은 헌법도 안 읽어본 사람인 것 같다”고 말했다. “헌법 가치를 포퓰리즘이라고 하면 뭐라 답할 수 있겠느냐”고도 했다. 더민주의 경제민주화 정책은 ‘국가는 경제의 민주화를 위해 경제에 관한 규제와 조정을 할 수 있다’는 헌법 119조에 기반한 것이란 뜻이다.이어 김 대표는 미국 민주당 대선후보 경선에서의 ‘샌더스 열풍’을 언급하며 “미국에서도 1980년 레이건 대통령이 신경제를 한답시고 사회를 완전히 반으로 갈라놨다”며 “한국에서 이를 치유하려는 더민주의 포용적 성장론이 ‘경제민주화’인데, 이런 헌법적 가치를 어떻게 포퓰리즘이라고 이야기할 수 있느냐”고 거듭 반박했다.두 사람은 전날에도 신경전을 벌였다.강 위원장의 ‘양적완화론’이 발단이었다. 양적완화는 정책 금리가 0에 가까운 초저금리 상태에서 경기 부양을 위해 중앙은행이 시중에 돈을 푸는 정책이다. 강 위원장은 지난달 30일 선대위 회의에서 “시중 자금이 막혀 있는 곳에 통화가 공급될 수 있도록 한국판 통화완화 정책을 운영할 필요가 있다”고 강조했다.이에 김 대표는 더민주 인천지역 후보자 연석회의에서 “2008년 금융위기 이후 미국을 위시해 유럽과 일본 모두 양적완화와 저금리를 이행했다”며 “그런데도 경제가 살아나지 않았다”고 말했다. 김 대표는 “돈을 풀고 금리를 내려도 우리 대기업은 꼼짝 않고 있다 ” 면서 “우리 사회가 노령화되고 출산율이 낮아져 소비가 점점 줄어드는 형편에서 (양적완화로) 경제 활성화가 된다는 건 난센스”라고 지적했다. 김 대표의 지적에 강 위원장은 “뾰족한 방법이 없을 때는 양적완화를 고민할 수밖에 없다. 경제는 나빠지는데 가만히 있으란 말이냐”고 받아쳤다.최선욱 기자 isotope@joongang.co.kr



	"
"""총선 직후 사퇴"" 선수 친 김무성",http://news.joins.com/article/19813680,"
새누리당 김무성 대표가 30일 4·13 총선 직후에 대표직을 사퇴하겠다고 밝혔다. 김 대표는 서울 한국프레스센터에서 열린 관훈클럽 초청토론에 나와 “선거 승패와 관계없이 총선이 끝나면 뒷마무리를 잘하고 사퇴할 생각”이라고 말했다.그는 “국민공천제를 실시하겠다는 약속을 100% 지키지 못한 것과, 또 그 문제로 일대 혼란이 일어 ‘정신적 분당(分黨) 사태’란 표현이 나온 데 대해 당 대표로서 책임을 져야 한다”고 주장했다. 김 대표의 임기는 7월 13일까지지만 내년 12월 20일에 치러질 대선에 출마하려면 늦어도 6월 중순 전에 대표직을 사퇴해야 한다. 새누리당 당헌에 대선후보 경선에 참여하려면 1년6개월 전에 당직에서 사퇴해야 한다고 돼 있어서다.하지만 김 대표가 이날 조기 사퇴를 언급함에 따라 새 대표를 뽑을 새누리당 전당대회는 한 달 이상 앞당겨지게 됐다. 김 대표는 “전국 선거가 끝나면 뒷마무리할 일이 많다”면서도 “(사퇴까지) 시간이 길게 걸리진 않을 것”이라고 말했다. “총선 결과가 좋아 다른 최고위원들이 만류하면 어떻게 할 것인가”라는 질문에도 “똑같은 (사퇴) 입장”이라고 답했다.김 대표의 대표직 사퇴 발언에 대해 친박근혜계 김태흠 의원은 “공천 막바지 ‘옥새 파동’ 등으로 표를 까먹은 김 대표에 대해선 총선이 끝나면 어차피 책임론이 제기될 수밖에 없던 상황”이라며 “대표직 임기도 얼마 안 남은 상황에서 정치적으로 생색을 낸 것에 불과하다”고 말했다.김 대표는 이날 패널이 묻지도 않았는데 “여야를 막론하고 대통령감이 잘 안 보인다”면서 친박계 일부가 주장하는 반기문 유엔 사무총장 ‘대망론’을 스스로 꺼냈다. 김 대표는 “반 총장께서 그런(대권) 생각이 있다면 자기 정체성에 맞는 정당을 골라 당당하게 선언하시고 활동하시기 바라고, 새누리당은 환영한다”며 “민주적 절차에 의해 도전하셔야 한다”고 경선을 시사했다.◆공식 선거운동 시작=4·13 총선의 공식 선거운동이 31일 0시 시작됐다. 이에 앞서 30일에는 재외국민투표가 시차에 따라 뉴질랜드에서 시작됐다. 13개국 198개 투표소에서 15만여 명을 대상으로 하는 재외국민투표는 다음달 4일까지 실시된다. 이번 선거에선 별도의 부재자 신고를 하지 않고도 4월 8~9일 이틀간 읍·면·동마다 설치되는 사전투표소에서 미리 투표할 수 있는 사전투표제도가 총선에선 처음으로 실시된다.중앙선거관리위원회는 이날 “적극적 투표의사층이 63.9%”라고 발표했다. 지난 21~22일 1500명을 대상으로 전화면접조사를 실시한 결과(표본오차 95%, 신뢰 수준 ±2.5%포인트)다. 이를 근거로 선관위 측은 20대 총선의 투표율을 약 60%로 예측했다. 19대 총선 투표율은 54.2%였다.남궁욱·김경희 기자 periodista@joongang.co.kr



	"
"새누리·더민주 뿌리가 흔들린다···영남 16곳, 호남 9곳 고전",http://news.joins.com/article/19813664,"
｜새누리, 영남 1~2석 빼곤 이긴다지만TK 무소속 바람, 주호영·홍의락 앞서 … PK 김경수·민홍철·전재수·강길부 등야권+탈당파 ‘낙동강 바람’도 거세 … 김무성 ‘수도권 집중’ 전략 긴급 수정 새누리당은 지난 19대 총선(2012년)에서 영남 67개 의석 가운데 63석(94%)을 휩쓸었다. 하지만 이번 4·13 총선에선 새누리당의 영남 텃밭이 흔들릴 조짐이다. 각종 여론조사에서 TK(대구·경북)와 PK(부산·경남)의 ‘낙동강 벨트’에 이상기류가 감지되고 있다. 새누리당 영남권 선거대책위원장들은 전체 65석 중 63~64석을 목표로 제시했지만 경합·열세 지역으로 꼽히는 곳이 16곳(24%)에 이른다. TK 7곳, PK 9곳이다. 16곳을 잃는 최악의 상황이 발생하면 새누리당 영남의석은 49석이 된다.◆TK에 초반 ‘무소속 바람’=TK에선 새누리당 공천을 받지 못한 뒤 탈당한 현역 무소속 의원들이 여론조사상 선전하고 있다. 대구에선 유승민 의원 외에도 주호영(수성을) 의원이 새누리당의 이인선 전 경북부지사를 오차범위 이상(40.0 대 22.9%) 앞선다는 여론조사 결과가 발표됐다. 더민주에서 컷오프(공천배제) 된 뒤 탈당한 무소속 홍의락(북을, 42.3%) 의원도 최근 지역 언론 여론조사에서 새누리당 양명모(26.8%) 후보를 앞섰다. 유승민계 류성걸(대구 동갑) 의원은 새누리당 정종섭 후보와 오차범위 내 경합(류 38.4, 정 37.7%)을 벌이고 있다. 더불어민주당 김부겸 전 의원은 새누리당 김문수 전 경기지사를 각종 여론조사에서 앞서 나가고 있다.또 다른 진박 후보인 추경호(달성, 32.3%) 전 국무조정실장도 안정권이 아니다. 그는 무소속 구성재(26.0%) 후보와 오차범위 내에서 레이스를 벌이고 있다. 경북에선 탈당파인 박승호(포항 북) 전 포항시장이 새누리당 김정재 후보를 앞선다는 여론조사(박 48.2, 김 36.3%)가 발표됐다. 새누리당은 탈당한 김태환(구미을) 의원이 컷오프 이전 여론조사에서 1위를 했던 점에 신경을 쓰고 있다. 이한성 경북선거위원장은 “전승을 위해 포항과 구미에 특히 총력을 기울일 계획”이라고 말했다.이렇게 혼전 양상을 보이는 TK 경합 지역은 모두 7곳(28%)에 이른다. 18대 총선(2008년) 때 TK에서 친박연대와 무소속에게 10석을 내준 적이 있지만 김부겸 전 의원, 홍의락 전 의원처럼 야권 후보까지 당선권에 거론되는 것은 근래 드문 일이다. 엄기홍 경북대 정치외교학과 교수는 “대통령 고향인 TK에서 야당과 비박계 탈당파에 의석을 내주면 정치적 타격이 클 것”이라고 말했다.◆PK엔 야권후보 단일화 변수=PK의 낙동강 벨트도 요동친다. 각종 여론조사에서 더민주 김경수(김해을) 후보, 민홍철(김해갑) 의원, 전재수(부산 북-강서갑) 후보가 1위를 달리고 있다. 정의당 노회찬(창원 성산) 후보도 29일 더민주 허성무 후보와 단일화해 강기윤 의원과 양자 대결 구도를 만들었다. TK처럼 새누리당 탈당파도 위협적이다. 밀양-의령-함안-창녕의 조해진 의원은 31일 출정식에서 유승민 의원과 함께 무소속 연대를 강조할 예정이다. 부산에선 새누리당 박민식(북-강서갑) 의원과 손수조(사상) 후보가 10%포인트 이상 격차로 밀리는 여론조사 결과가 발표되기도 했다. 울산에선 탈당한 강길부 의원도 여론조사에서 새누리당 김두겸 후보를 앞서고 있다.새누리당 선거 종합상황실 관계자는 “현재 PK 40석 중 9석(22.5%)이 흔들리고 있다”며 “당초 ‘수도권에 집중하겠다’던 김무성 대표도 PK 유세를 다니기로 입장을 바꿨다”고 말했다.｜‘호남=더민주’ 28년 만에 무너지나격전지 13곳 중 더민주 4곳만 앞서 … 6곳은 국민의당 우위, 3곳은 혼전안철수 주말 지원, 대세 굳히기 돌입 … 더민주 “막판엔 2번 쏠림 나타날 것”  호남이 ‘더불어민주당의 텃밭’이란 공식이 바뀌고 있다.30일 현재까지 중앙일보(광주 서을, 전주병)와 지역 방송사 등 각 언론사가 발표한 호남지역 13개 선거구 여론조사를 종합한 결과 국민의당은 6곳, 더민주는 4곳에서 앞서 나가고 있는 것으로 나타났다. 국민의당 정동영 후보와 더민주 김성주 후보가 박빙의 승부를 벌이고 있는 전주병을 포함해 3곳은 오차범위 내 혼전이었다.이대로 가면 민주화 이후 첫 선거인 1988년 13대 총선에서 평화민주당이 호남 37석 중 36석을 가져가면서 만들어진 독점구도가 28년 만에 깨질 가능성이 크다.국민의당은 전체 10명이 출전한 현역 의원들이 호남권에서 초반 강세를 보였다.광주 서을에선 천정배 공동대표가 더민주 양향자 후보를 오차범위 바깥에서 앞서 나가고 있다. 천 대표는 지난 21일 본지 조사에선 39.5%, 24일 공개된 KBS·연합뉴스 조사에선 48.6%로 각각 24.1%, 21.2% 지지율에 그친 양 후보를 따돌렸다.전남 여수을의 주승용(44.6%)의원, 고흥-보성-장흥-강진 황주홍(43.5%) 의원, 전북 군산 김관영(39.5%) 의원도 오차범위 밖의 우세다.  조배숙 전 의원(익산을)도 각각 40% 중반이 넘는 지지율로 더민주 후보를 앞섰다.더민주도 현역 지역구 의원인 우윤근(광양-곡성-구례)·이춘석(익산갑)·김윤덕(전주갑) 의원이 각각 국민의당 정인화·이한수·김광수 후보를 오차범위 밖에서 앞선 것으로 조사됐다. 전남 순천에서는 노관규 후보가 44.5%의 지지율로 현역인 새누리당 이정현 의원(25%)을 앞섰다. 여수갑에선 더민주 송대수(29.9%)-국민의당 이용주(28.0%), 전주을 더민주 최형재(31.5%)-새누리당 정운천(29.0%) 후보가 각각 초접전 상태로 나타났다. ▶관련 기사① 4선 고지 앞둔 나경원·정우택·송영길 오차범위 밖 1위② 격전 노원병, 안철수35.3% 이준석32.0% 황창화11.4%③ 여권 분열 마포갑, 노웅래가 안대희·강승규 앞서초반 판세 분석에 고무된 국민의당은 현재 호남 28석 가운데 20석 이상을 목표치로 제시한 상태다. 안철수 대표도 주말인 4월 2~3일 광주, 전남, 전북 유세에 나서 ‘대세 굳히기’에 나선다는 전략이다.하지만 더민주도 막판엔 15~20석 획득이 가능할 것이라고 강조하고 있다. 이용섭 공약단장은 “선거 막바지로 가면 수도권에서 한 석도 못 얻는 ‘5%’ 지지율의 국민의당으로는 정권교체가 어렵다는 인식이 확산돼 2번 쏠림 현상이 나타날 것”이라고 주장했다.김미현 알앤써치 소장은 “국민의당이 호남에서 15석 이상 차지할 가능성이 있지만 거꾸로 ‘더민주 100석이 무너진다’는 위기감에 역풍이 불 수도 있다”고 말했다. 한정훈(정치학) 서울대 국제대학원 교수는 “국민의당이 호남 우위를 굳히려면 정권교체가 가능하다는 점을 인식시켜야 할 것”이라고 말했다.최선욱·현일훈·정효식·박가영 기자 jjpol@joongang.co.kr



	"
당론 거수기 그만···상임위 중심 국회 운영을,http://news.joins.com/article/19813638,"
“사회적으로 존경받던 분들도 국회에서 4년만 지내면 다 죄인이 됩니다. 이렇게 정치 혐오가 심해지면 나라의 앞날이 암담합니다.”지난 2일 밤 국회 본회의장. 더불어민주당 유인태 의원이 발언대에 섰다. 앞서 더민주 공천관리위원회의 ‘컷오프’ 대상에 오르면서 20대 총선 불출마를 선언한 그는 “삶의 마지막으로 이 자리에 설 것 같다”며 운을 뗐다. 유 의원의 소신 발언이 끝나자 큰 박수가 터져 나왔다.국회는 점점 똑똑해지고 있다. 국회의원 중 석·박사 학위 소지자는 17대 국회 118명, 18대 136명, 19대 156명으로 늘었다. 법조인·의사 등 전문직 출신도 많아졌다. 이처럼 뛰어난 개인들이 모여 있지만 국회에 대한 만족도는 갈수록 낮아지고 있다. 중앙일보와 경희대 공동조사 결과 국회의원에 대한 만족도는 20.4점(100점 만점)으로 낙제 수준이다. 이에 대해 정치인과 전문가들은 매력정치의 최대 걸림돌로 정치 제도와 문화를 지목했다.유 의원은 오래전부터 지역주의에 기반한 갈등이 우리 정치의 문제점이라고 주장해 왔다. 그는 “민주주의 원칙상 타협을 해야만 하는 곳이 국회인데, 거대 정당들이 지역에만 기댄 채 소선거구제라는 든든한 울타리에 안주하고 있는 한 타협은 설 자리를 잃게 된다”며 “선거 때만 되면 정략적으로 연대하는 것도 소선거구제에서 이기기 위해서”라고 말했다. 소선거구제가 강고한 지역 정당과 묶이면서 타협의 정치는 실종되고 강대강의 대결만 남게 됐다는 지적이다. 강원택 서울대 정치외교학과 교수도 “양대 지역 정당이 정치를 좌지우지할 경우 정당이 더 이상 국민의 눈치를 볼 필요가 없어진다는 게 문제”라고 말했다. 박상병(정치평론가) 인하대 초빙교수는 “양당 체제에서는 상대를 향해 막말을 할수록 지지율이 높아지기 마련”이라며 “공존과 협치의 정치가 어려운 현 상황을 깨려면 제3, 제4의 정당이 나올 수 있는 중대선거구제 도입과 비례대표 확대 방안 등을 진지하게 고민할 필요가 있다”고 말했다. 당론을 따르지 않으면 ‘배반자’로 찍히는 풍토 또한 문제다. 김홍신(소설가) 전 의원은 “한국의 국회의원은 200여 개의 특권을 갖고 있는데 감사는 전혀 받지 않는 ‘세계에서 제일 좋은 직업’”이라고 꼬집었다. 그는 “나도 한나라당 의원일 때 주요 당론에 반대 의견을 냈다가 ‘상습적 당론 거부자’로 낙인이 찍혔다”고 말했다. 전문가들도 매력정치의 핵심 요소인 전문성과 소신, 활발한 입법활동 등을 저해하는 주된 요소로 중앙당 중심의 당론 통제를 꼽고 있다. 정진영(정치학) 경희대 부총장은 “당론만 따라 ‘거수기’처럼 행동하면 되니 정책 전문가가 될 필요도 느끼지 못하게 되고 이로 인해 입법 갈등은 출구를 찾기 힘들어진다”며 “중앙당이 아닌 상임위 중심으로 국회를 운영하는 등의 대안을 모색할 시점”이라고 말했다. 이원종 전 청와대 정무수석은 “과거 YS·DJ 시절에는 민주화 투쟁을 하려다 보니 하향식 리더십이 효율적일 수 있었다”며 “하지만 요즘 같은 탈권위 시대는 협치의 리더십이 필요한 때”라고 했다. 가상준 단국대 정치외교학과 교수는 “지금의 공천 제도에선 소신과 전문성을 갖춘 정치 신인들이 후보가 될 수 있는 기회가 적을 수밖에 없다”며 “공천 방식도 보다 민주적으로 바뀌어야 한다”고 말했다.◆특별취재팀=천인성·윤석만·남윤서·노진호·백민경 기자, 자료 조사=김다혜(고려대 영문학과4) guchi@joongang.co.kr◆경희대 연구팀=정진영(부총장)·정종필(미래문명원장)·윤성이(정치외교학)·이문재(후마니타스칼리지)·이택광(문화평론가) 교수



	"
"일자리 공약, 여야 합치면 1100만 개",http://news.joins.com/article/19807699,"
4·13 총선거를 앞두고 정치권이 본격적인 공약 경쟁에 나섰다. 그러나 벌써부터 실현 가능성이 희박한 공수표가 남발되고 있다. 일자리 공약이 대표적이다. 4대 주요 정당이 만들겠다는 일자리만 앞으로 5년 동안 1100만 개가 넘는다. 한 해 200만 개가 넘는 셈이다. 그런데 지난해 새로 생긴 일자리는 33만7000개였다.새누리당은 해외로 진출했다가 국내로 돌아오는 U턴 기업 특구를 만들어 연간 50만 개, 향후 5년간 250만 개 일자리를 늘리겠다고 공약했다. 또 관광산업 육성으로 2020년까지 150만 명의 고용을 창출할 수 있다고 밝혔다. 노동개혁과 서비스산업기본법 통과도 공약에 포함했다. 정부 추산대로라면 각각 37만 개, 69만 개의 일자리가 생긴다. 여기에 매년 10만 개씩 늘리겠다는 노인 일자리 공약을 포함하면 550만 개에 이른다.더불어민주당이 공약한 일자리는 약 270만 개다. 공공부문 등에서 청년 일자리 70만 개를 만들고 노인 일자리를 100만 개 창출하겠다고 했다. 사회적경제기본법을 제정해 사회적 일자리를 전체 고용 대비 5%로 확대하겠다는 공약도 내놨다. 약 100만 개다.국민의당은 향후 5년간 한시적으로 청년의무고용할당제를 대기업에 적용해 55만 개의 청년 일자리를 만들겠다고 발표했다. 노인 일자리는 2020년까지 30만 개 늘리겠다고 했다. 정의당 역시 청년 일자리 연간 24만5000개, 질 좋은 사회서비스 일자리 100만 개를 창출하겠다는 공약을 내놨다. 박종규 한국금융연구원 선임연구위원은 “정치권의 일자리 공약이 너무 무지하거나 무성의하다”고 말했다.4개 정당이 그동안 내놓은 20대 총선 공약은 실천과제만 470여 개, 세부 공약은 수천 개에 이른다. 그러나 의욕만 넘친 일자리 공약에서 보듯 실현 가능성이 떨어지는 ‘아니면 말고’식 공약이 적지 않다. ▶관련기사① ""부자가 되렴"" 정치판은 지금 거지 키우기 중?② “새누리, 공약다운 공약 없어…더민주, 15조 재원 대책 부실”③ 해저터널·고속철·GTX…대통령급 공약 내건 의원 후보들정부 정책이나 과거 공약을 그대로 베낀 사례도 많다. 나라 곳간은 나 몰라라 식의 선심성 복지 공약도 넘친다. 이는 국민 정서와도 맞지 않는다. 한국갤럽이 지난해 10~12월 성인 1000명을 상대로 조사한 결과 응답자 10명 중 7명은 ‘사회보험료 같은 개인 부담이 늘면 복지 확대에 반대한다’고 답했다.김태윤·장원석 기자 pin21@joongang.co.kr



	"
김무성·최경환 ‘뛰뛰빵빵’ 맞춰 손잡고 달렸지만…,http://news.joins.com/article/19807692,"
‘두 사람’이 가수 혜은이의 노래를 개사한 ‘뛰뛰빵빵’에 맞춰 사이좋게 손을 잡고 달린다. 한 사람은 새누리당 김무성 대표, 또 한 사람은 친박계 최경환 의원이다.소셜네트워크서비스(SNS)를 통해 공개될 새누리당 후보 소개 영상에 나오는 장면이다. 둘은 ‘옥새 파동’까지 빚은 최근의 공천 국면에서 각각 비박-친박계를 대표하는 불편한 관계였다.하지만 ‘동영상 화해’를 연출했다. 촬영은 지난 28일 오후 국회 앞마당에서 진행됐다. 조동원 당 선거대책위원회 홍보본부장은 “당 홍보용 ‘뛰뛰빵빵’ 시리즈를 시작할 때부터 김 대표와 최 의원이 손잡고 뛰는 장면을 구상해 왔다”고 말했다.‘뛰뛰빵빵’은 일하는 국회를 만들겠다는 뜻의 ‘뛰어라 국회야’라는 당 슬로건에 맞춰 만든 홍보 영상을 말한다. 이와 별도로 TV CF용 영상에 김 대표와 친박계 서청원·이인제 최고위원, 원유철 원내대표가 나란히 손잡고 달리는 장면을 포함할 예정이다. 이 촬영 땐 드론(무인항공기)도 등장했다. 조 본부장은 “굳이 드론까지 써야 할까 망설이고 있는데 김 대표가 ‘이왕 할 거면 띄우라’고 밀어붙였다”고 전했다.김 대표는 29일 당 선거대책위원회 회의에선 “선거에 악영향이 없도록, 특히 계파 갈등으로 비칠 수 있는 언행이 없도록 각별하게 주의를 기울여달라”고 당부했다.대구시당이 유승민 의원 등 탈당 후보들에게 공문을 보내 요구하면서 불거진 ‘대통령 존영(尊影) 반납’ 논란도 진화하려 했다. 김 대표는 비공개회의에서 “무소속은 건들면 더 커지니 그냥 두라”고 말했다고 참석자들이 전했다.한 참석자는 “서청원 최고위원이 먼저 ‘누구든지 대통령을 존경하면 사무소에 사진을 걸 수 있는 것’이라며 매듭지으려 했다”고 말했다. 대구시 선거관리위원회는 “(대구시당의 요구로) 존영 미반납이 선거법이나 정치자금법을 위반한 것인지 검토했으나 적용할 규정이 없다”고 밝혔다.하지만 ‘잡음’은 끊이지 않았다. 친박 핵심인 조원진 의원은 선거사무소 개소식에서 “박근혜 대통령에 딴지 걸던 사람이 공천 안주니 정의를 찾겠다고 한다”며 유 의원을 비판했다. 그는 “ 이번 공천에서 대구의 자존심을 짓밟은 사람이 있다. 분명히 총선 이후에 책임을 져야 한다”며 김 대표에게도 직격탄을 날렸다. 최경환 의원도 경북도당 선대위 발대식에서 “무소속 후보를 찍는 것은 야당 후보를 찍는 것”이라고 주장했다.  ▶관련기사 새누리당 홍보 영상 일일 조회수 1위는 손수조     이에 유 의원은 “선거 끝나면 바로 복당할 건데 저를 찍으면 야당을 찍는 거라는 말 자체가 틀린 것”이라고 반박했다. 박 대통령 사진도 “새누리당만의 대통령은 아니지 않으냐. 제 손으로 반납할 생각은 없다”고 말했다. 새누리당 당헌·당규상 복당은 시당이 먼저 판단한다. 시당이 거부해 복당 희망자가 재심을 청구하면 최고위원회가 결정한다.김경희 기자 amator@joongang.co.kr



	"
"“새누리, 공약다운 공약 없어…더민주, 15조 재원 대책 부실”",http://news.joins.com/article/19807688,"
건전재정포럼이 주최한 ‘4·13 총선 공약 점검 정책토론회’가 29일 서울 명동 은행회관에서 열렸다. 김우철 서울시립대 세무학과 교수(왼쪽부터), 박진 KDI 국제정책대학원 교수, 안병우 건전재정포럼 운영위원장, 박종규 한국금융연구원 선임연구위원, 권태신 한국경제연구원장이 토론에 참여했다. [사진 신인섭 기자]새누리당의 20대 총선 대표 공약은 U턴 기업 경제특구다. 김정훈 새누리당 정책위의장은 “외국에 나간 기업 중 10%만 돌아와도 일자리가 50만 개 생길 것”이라고 말했다.그런데 수출입은행에 따르면 해외에 진출한 한국 기업 중 100만 달러(약 11억원)이상을 현지에 투자한 기업은 약 6만 개(2014년)다. 이들 기업이 현지에서 고용한 근로자는 191만 명. 10%가 돌아와 해외에서 고용한 근로자만큼 국내 인력을 뽑아도 산술적으로 19만 명밖에 안 된다는 게 김유선 한국노동사회연구원 박사의 분석이다.게다가 해외 진출 기업 10곳 중 8곳은 투자금액 100만 달러 미만의 영세사업자다. 세제·입지 지원 혜택을 줘도 인건비가 비싼 한국으로 돌아올 가능성은 희박하다. 박종규 한국금융연구원 선임연구위원은 “일본의 U턴 기업 사례를 드는데 당시 일본은 10년간의 디플레이션으로 땅값이 3분의 1로 떨어지고 임금이 추락하던 때”라며 “그런 장점 때문에 기업 중 일부가 돌아온 것이지 지금 한국과 비교할 게 아니다”고 말했다. 새누리당은 29일 기존 공약과 별도로 경제정책 공약 1·2호를 발표했다. 1호 공약은 기업 구조조정 촉진, 기업 규제 원스톱 정비, 우량 벤처기업 인수합병(M&A) 시장 확대 등을 담고 있다. 거시정책 방향을 담은 2호 공약이 논란거리다. 강봉균 공동선거대책위원장이 주도한 이 공약에는 ‘한국은행에 과감한 통화정책을 주문한다’는 내용이 들어 있다.한은이 시중에서 산업은행 채권과 주택담보대출증권을 사주는 방식으로 돈을 풀라는 구체적 방법도 담았다. 한국판 ‘양적완화 정책’을 주문한 셈이다. 이는 금융통화위원 교체 시기와 맞물려 자칫 한은의 독립성 시비를 부를 소지가 크다. 더불어민주당의 제1공약인 노인 기초연금 30만원 균등 지급은 만들어진 과정부터 논란을 빚고 있다. 지난 2월 5일 더민주가 처음 발표했던 공약은 30만원이 아닌 20만원이었다. 익명을 원한 더민주 총선공약단 관계자는 “당초 단계별로 20만원을 균등 지급하는 것이었는데, 김종인 대표가 30만원으로 올리는 게 좋겠다는 의견을 제시했다”고 말했다.공약대로라면 2018년 기준으로 6조4000억원이 더 든다. 윤석명 한국보건사회연구원 연구위원은 “차등 없이 1.5배나 올리는 것은 미래 세대에 대한 고민이 전혀 없는 선거용 포퓰리즘”이라고 지적했다. 정당별 공약을 바라보는 전문가의 시선은 차갑다. 김우철 서울시립대 세무학과 교수는 “새누리당은 평가할 만한 내용 자체가 없는데 한마디로 성의 부족”이라며 “한국 경제가 미증유(未曾有)의 전환기 앞에 선 상황에서 집권 여당이 총선에 임하는 자세라 보기 어렵다”고 지적했다.새누리당의 공약은 대부분 선언성이라 재원 추계도 쉽지 않다. 추산하면 주요 공약을 실현하는 데 드는 재원은 4년간 약 4조3000억원이다. 지난 19대 총선 때 공약 실현을 위해 총 89조원의 재원을 마련하겠다던 것과 사뭇 다르다. 반면 더민주는 돈이 많이 드는 공약만 골라 10대 공약으로 내세웠다. 신선한 내용도 있지만 재원 대책은 부실하다. 더민주의 10대 공약 실현에 필요한 재원은 연간 약 15조원이다. 세금 신설 없이 재정·복지·조세 3대 개혁으로 조달하겠다는 방침이지만 여전히 법인세 인상에만 매달리고 있다. 김 교수는 “선거 영향으로 10조원 규모의 의무지출을 신설하면 2060년 국내총생산(GDP) 대비 국가채무 비율이 일반적인 증가(62.4%) 때보다 27%포인트 더 높아진다”고 말했다. 국민의당은 존재감을 드러내지 못했고, 정의당은 현실성이 떨어진다는 지적을 받는다. 국민의당과 정의당이 공통으로 내놓은 ‘청년의무고용 확대’ 공약은 현재 공기업·공공기관에 적용하는 청년의무고용할당제를 대기업으로 확대하는 내용이다. 2014년 9월 헌법재판소는 매년 공공기관 정원의 3%씩 청년 미취업자를 채용하는 법률에 대해 합헌 결정을 내렸다. 그러나 당시 9명의 재판관 중 위헌 의견이 5명, 합헌이 4명이었다. 의결정족수(6명) 미달에 따른 합헌 결정이 나왔지만 민간기업에 적용하면 위헌 가능성이 크다는 게 다수 전문가의 견해다.29일 건전재정포럼이 주최한 ‘4·13 총선 공약점검 정책토론회’에선 이번 총선 공약에 대한 강도 높은 비판이 쏟아졌다. 권태신 한국경제연구원장은 “수출 부진, 글로벌 악재, 잠재성장률 추락까지 경제가 사면초가인데 전혀 위기의식이 없다”며 “기업하기 좋은 환경에 대한 고민이 없으니 있던 기업은 해외로 나가고, 해외 기업은 안 오는 것”이라고 지적했다. ▶관련기사① 해저터널·고속철·GTX…대통령급 공약 내건 의원 후보들 ② 일자리 공약, 여야 합치면 1100만 개 최종찬 건전재정포럼 대표는 “일자리 창출 방안조차 지원과 퍼주기에 중점을 뒀다”며 “벌 생각은 안 하고 쓸 생각만 하는 게 문제”라고 말했다. 진동수 전 금융위원장은 “당장 큰 관심을 못 받지만 총선 공약은 대선 공약과 직결되는 중요한 문제”라며 “공약등록제와 함께 재정추계와 재원조달 방안 제시를 의무화하는 걸 본격적으로 논의할 시점”이라고 했다.김태윤·장원석 기자 pin21@joongang.co.kr



	"
